{
    "n_estimators": 1084,
    "max_depth": 10,
    "learning_rate": 0.034249669184134204,
    "subsample": 0.8431282098409716,
    "colsample_bytree": 0.7911677327912677,
    "colsample_bylevel": 0.7247265943515834,
    "colsample_bynode": 0.5357599064353687,
    "reg_alpha": 0.41025587880753916,
    "reg_lambda": 1.1427427433867792,
    "gamma": 1.0662941861956263,
    "min_child_weight": 3,
    "grow_policy": "lossguide",
    "max_leaves": 44,
    "objective": "reg:squarederror",
    "random_state": 98,
    "n_jobs": 1
}